treebank_id,lam,n_sentences,prob_adv_word,prob_adv_head,max_prob_adv,rank_sep,magnitude_sep,delta_word,delta_head,med_rel_word,med_rel_head
ar_padt,0.0,3648,0.8937774122807017,0.8717105263157895,0.8937774122807017,-0.044133771929824483,0.1359564698359489,-0.7875548245614035,-0.743421052631579,0.27429994042046135,0.41025641025641024
ar_padt,0.1,3648,0.8961074561403509,0.879797149122807,0.8961074561403509,-0.03262061403508765,0.13391758446278823,-0.7922149122807017,-0.7595942982456141,0.2660824155372118,0.4
ar_padt,0.2,3648,0.8967927631578947,0.8813048245614035,0.8967927631578947,-0.03097587719298245,0.13299370021437829,-0.7935855263157895,-0.762609649122807,0.2547614018264381,0.38775510204081637
ar_padt,0.3,3648,0.9035087719298246,0.885827850877193,0.9035087719298246,-0.035361842105263164,0.128891520000457,-0.8070175438596491,-0.7716557017543859,0.2412253694581281,0.3701168894585851
ar_padt,0.4,3648,0.9011787280701754,0.8854166666666666,0.9011787280701754,-0.03152412280701755,0.126865376940614,-0.8023574561403509,-0.7708333333333334,0.2197352831253926,0.3466006600660066
ar_padt,0.5,3648,0.8978892543859649,0.8843201754385965,0.8978892543859649,-0.027138157894736836,0.11745729363552276,-0.7957785087719298,-0.768640350877193,0.19574458764627184,0.3132018812817946
ar_padt,0.6,3648,0.8976151315789473,0.8852796052631579,0.8976151315789473,-0.02467105263157887,0.10964912280701744,-0.7952302631578947,-0.7705592105263158,0.16666666666666674,0.2763157894736842
ar_padt,0.7,3648,0.8855537280701754,0.8680098684210527,0.8855537280701754,-0.03508771929824561,0.0929770455485604,-0.7711074561403509,-0.7360197368421053,0.13199915464183815,0.22497620019039855
ar_padt,0.8,3648,0.8591008771929824,0.8511513157894737,0.8591008771929824,-0.01589912280701755,0.07170515562577869,-0.7182017543859649,-0.7023026315789473,0.09496151104088794,0.16666666666666663
ar_padt,0.9,3648,0.8163377192982456,0.805921052631579,0.8163377192982456,-0.02083333333333337,0.034936957668152864,-0.6326754385964912,-0.6118421052631579,0.04411764705882352,0.07905460472697638
cs_pdt,0.0,3442,0.7248692620569437,0.7051133062173155,0.7248692620569437,-0.03951191167925622,0.14653897811374883,-0.44973852411388726,-0.41022661243463104,0.13152516850709883,0.27806414662084766
cs_pdt,0.1,3442,0.7258861127251598,0.7142649622312609,0.7258861127251598,-0.02324230098779778,0.1342592592592593,-0.4517722254503196,-0.4285299244625218,0.125,0.2592592592592593
cs_pdt,0.2,3442,0.7226902963393376,0.713683904706566,0.7226902963393376,-0.018012783265543286,0.12128721022128558,-0.4453805926786752,-0.4273678094131319,0.1094820205479452,0.23076923076923078
cs_pdt,0.3,3442,0.7194944799535155,0.713102847181871,0.7194944799535155,-0.012783265543288791,0.11435068261862563,-0.4389889599070308,-0.426205694363742,0.09617563317084801,0.21052631578947364
cs_pdt,0.4,3442,0.7101975595583963,0.7148460197559559,0.7148460197559559,0.009296920395119146,0.09941650655808865,-0.42039511911679256,-0.4296920395119117,0.08906516883458157,0.18848167539267022
cs_pdt,0.5,3442,0.6966879721092388,0.7033701336432306,0.7033701336432306,0.013364323067983741,0.09587020648967542,-0.3933759442184776,-0.40674026728646134,0.0707964601769912,0.16666666666666663
cs_pdt,0.6,3442,0.681725740848344,0.6916037187681581,0.6916037187681581,0.019755955839628137,0.08657094594594593,-0.36345148169668795,-0.3832074375363161,0.05405405405405404,0.14062499999999997
cs_pdt,0.7,3442,0.6737361998837885,0.6798373038930854,0.6798373038930854,0.01220220801859384,0.06567885666246322,-0.347472399767577,-0.35967460778617083,0.03688524590163929,0.1025641025641025
cs_pdt,0.8,3442,0.6397443346891343,0.6551423590935502,0.6551423590935502,0.030796048808832077,0.037634071483667986,-0.27948866937826844,-0.3102847181871005,0.018969702101237638,0.05660377358490563
cs_pdt,0.9,3442,0.5887565368971528,0.6138872748402092,0.6138872748402092,0.05026147588611271,0.0,-0.17751307379430564,-0.22777454968041835,0.0,0.0
de_gsd,0.0,3676,0.6561479869423286,0.5911316648531012,0.6561479869423286,-0.13003264417845484,0.03216374269005845,-0.31229597388465724,-0.1822633297062024,0.07894736842105265,0.1111111111111111
de_gsd,0.1,3676,0.6479869423286181,0.5911316648531012,0.6479869423286181,-0.11371055495103372,0.03306878306878308,-0.2959738846572361,-0.1822633297062024,0.07407407407407404,0.10714285714285712
de_gsd,0.2,3676,0.6420021762785637,0.5885473340587595,0.6420021762785637,-0.10690968443960827,0.026725643785534978,-0.2840043525571273,-0.17709466811751903,0.064183447123556,0.09090909090909098
de_gsd,0.3,3676,0.6366974972796517,0.5877312295973884,0.6366974972796517,-0.09793253536452667,0.033240333947881104,-0.2733949945593036,-0.17546245919477693,0.0540540540540541,0.0872943880019352
de_gsd,0.4,3676,0.6267682263329706,0.5859630032644179,0.6267682263329706,-0.08161044613710552,0.02910238429172514,-0.2535364526659412,-0.1719260065288357,0.043478260869565216,0.07258064516129036
de_gsd,0.5,3676,0.6232317736670294,0.5824265505984766,0.6232317736670294,-0.08161044613710555,0.02159326810364305,-0.24646354733405876,-0.1648531011969532,0.03608076373289769,0.05767403183654074
de_gsd,0.6,3676,0.6009249183895539,0.5756256800870512,0.6009249183895539,-0.05059847660500544,0.01598516261463491,-0.20184983677910773,-0.1512513601741023,0.022476375846903582,0.03846153846153849
de_gsd,0.7,3676,0.5856909684439608,0.565968443960827,0.5856909684439608,-0.03944504896626769,0.001986230017253378,-0.17138193688792167,-0.13193688792165398,0.014084507042253471,0.01607073705950685
de_gsd,0.8,3676,0.5580794341675734,0.5541349292709467,0.5580794341675734,-0.007889009793253535,-0.004629629629629641,-0.1161588683351469,-0.10826985854189336,0.004629629629629641,0.0
de_gsd,0.9,3676,0.5297878128400435,0.5314200217627857,0.5314200217627857,0.00326441784548423,0.0,-0.05957562568008705,-0.06284004352557128,0.0,0.0
el_gdt,0.0,1449,0.883367839889579,0.8674948240165632,0.883367839889579,-0.031746031746031744,0.19012237762237755,-0.766735679779158,-0.7349896480331263,0.23295454545454553,0.4230769230769231
el_gdt,0.1,1449,0.8806073153899241,0.8733609385783299,0.8806073153899241,-0.01449275362318847,0.19158278916434152,-0.7612146307798482,-0.7467218771566597,0.21768707482993194,0.40926986399427345
el_gdt,0.2,1449,0.8768115942028986,0.873015873015873,0.8768115942028986,-0.007591442374051072,0.19669551534225016,-0.7536231884057971,-0.746031746031746,0.1935483870967742,0.39024390243902435
el_gdt,0.3,1449,0.8712905452035887,0.8723257418909592,0.8723257418909592,0.0020703933747412417,0.18231281468247532,-0.7425810904071773,-0.7446514837819186,0.17938931297709917,0.3617021276595745
el_gdt,0.4,1449,0.8581780538302277,0.8585231193926847,0.8585231193926847,0.0006901311249137843,0.17628945342571212,-0.7163561076604554,-0.7170462387853692,0.1570438799076212,0.3333333333333333
el_gdt,0.5,1449,0.8416149068322981,0.852311939268461,0.852311939268461,0.021394064872325758,0.15761711956932667,-0.6832298136645962,-0.704623878536922,0.13373860182370817,0.29135572139303484
el_gdt,0.6,1449,0.8374741200828157,0.8467908902691511,0.8467908902691511,0.018633540372670843,0.1393280632411067,-0.6749482401656315,-0.6935817805383023,0.11067193675889331,0.25
el_gdt,0.7,1449,0.8146997929606625,0.8357487922705314,0.8357487922705314,0.04209799861973773,0.10625197610370592,-0.629399585921325,-0.6714975845410628,0.08566721581548604,0.19191919191919196
el_gdt,0.8,1449,0.7819185645272602,0.8012422360248447,0.8012422360248447,0.03864734299516914,0.08716731999174741,-0.5638371290545203,-0.6024844720496895,0.0540540540540541,0.1412213740458015
el_gdt,0.9,1449,0.6887508626639062,0.7349896480331263,0.7349896480331263,0.09247757073844032,0.03304564771045221,-0.3775017253278123,-0.4699792960662526,0.017094017094017033,0.05013966480446924
en_ewt,0.0,3890,0.8069408740359897,0.7740359897172236,0.8069408740359897,-0.06580976863753218,0.2030072794058504,-0.6138817480719795,-0.5480719794344473,0.1829576328748514,0.3859649122807018
en_ewt,0.1,3890,0.8086118251928021,0.7786632390745502,0.8086118251928021,-0.059897172236503815,0.19261082811502986,-0.6172236503856041,-0.5573264781491003,0.16988416988416985,0.3624949979991997
en_ewt,0.2,3890,0.7944730077120823,0.7701799485861183,0.7944730077120823,-0.048586118251927934,0.17887594650375163,-0.5889460154241645,-0.5403598971722365,0.15919147224456962,0.33806741874832125
en_ewt,0.3,3890,0.7865038560411312,0.769280205655527,0.7865038560411312,-0.03444730077120817,0.16728718757563665,-0.5730077120822622,-0.538560411311054,0.13826836797991893,0.3055555555555556
en_ewt,0.4,3890,0.7777634961439589,0.7668380462724935,0.7777634961439589,-0.02185089974293053,0.16806722689075623,-0.5555269922879177,-0.5336760925449872,0.11764705882352941,0.28571428571428564
en_ewt,0.5,3890,0.7597686375321336,0.7583547557840618,0.7597686375321336,-0.002827763496143998,0.15151515151515138,-0.5195372750642674,-0.5167095115681234,0.09090909090909098,0.24242424242424238
en_ewt,0.6,3890,0.7380462724935732,0.744987146529563,0.744987146529563,0.01388174807197945,0.12025088817192955,-0.47609254498714654,-0.489974293059126,0.07727997602560127,0.19753086419753083
en_ewt,0.7,3890,0.7104113110539846,0.7323907455012854,0.7323907455012854,0.043958868894601544,0.11367493674010984,-0.42082262210796917,-0.4647814910025707,0.0529917299265568,0.16666666666666663
en_ewt,0.8,3890,0.6687660668380463,0.6973007712082262,0.6973007712082262,0.05706940874035993,0.06462209332760985,-0.3375321336760925,-0.39460154241645246,0.026286997581481085,0.09090909090909093
en_ewt,0.9,3890,0.6041131105398457,0.6530848329048843,0.6530848329048843,0.0979434447300771,0.013529178487538505,-0.20822622107969152,-0.3061696658097686,0.0,0.013529178487538505
es_ancora,0.0,3750,0.9201333333333334,0.9004,0.9201333333333334,-0.03946666666666676,0.1804856141590836,-0.8402666666666667,-0.8008,0.2639588302853609,0.4444444444444445
es_ancora,0.1,3750,0.9128,0.8926666666666667,0.9128,-0.04026666666666667,0.177200823877779,-0.8256,-0.7853333333333333,0.24967664647795226,0.42687747035573126
es_ancora,0.2,3750,0.9057333333333333,0.8904,0.9057333333333333,-0.03066666666666662,0.1720177697006411,-0.8114666666666667,-0.7808,0.22939068100358423,0.4014084507042253
es_ancora,0.3,3750,0.8997333333333334,0.8890666666666667,0.8997333333333334,-0.021333333333333315,0.16783827870125834,-0.7994666666666667,-0.7781333333333333,0.20716172129874166,0.375
es_ancora,0.4,3750,0.8942666666666667,0.8878666666666667,0.8942666666666667,-0.012799999999999923,0.15681604135181898,-0.7885333333333333,-0.7757333333333334,0.1852892218060757,0.3421052631578947
es_ancora,0.5,3750,0.8801333333333333,0.8770666666666667,0.8801333333333333,-0.006133333333333324,0.14521599431854446,-0.7602666666666666,-0.7541333333333333,0.15710958707680442,0.3023255813953489
es_ancora,0.6,3750,0.8608,0.8666666666666667,0.8666666666666667,0.011733333333333262,0.1314728508926915,-0.7216,-0.7333333333333333,0.13082223107452157,0.2622950819672131
es_ancora,0.7,3750,0.8413333333333334,0.8490666666666666,0.8490666666666666,0.01546666666666674,0.10503922350751232,-0.6826666666666666,-0.6981333333333334,0.0978593272171254,0.20289855072463772
es_ancora,0.8,3750,0.8112,0.8289333333333333,0.8289333333333333,0.03546666666666676,0.07522240518852942,-0.6224,-0.6578666666666667,0.06146824229348498,0.1366906474820144
es_ancora,0.9,3750,0.7386666666666667,0.7681333333333333,0.7681333333333333,0.05893333333333334,0.033565892528156685,-0.47733333333333333,-0.5362666666666667,0.023576964614700453,0.05714285714285714
et_edt,0.0,3871,0.7437354688710928,0.6614569878584345,0.7437354688710928,-0.16455696202531644,0.09710586443259714,-0.4874709377421855,-0.32291397571686903,0.13366336633663364,0.23076923076923078
et_edt,0.1,3871,0.7317230689744252,0.6556445362955309,0.7317230689744252,-0.15215706535778867,0.09027373325567847,-0.4634461379488504,-0.31128907259106176,0.11764705882352941,0.20792079207920788
et_edt,0.2,3871,0.726685610953242,0.6449237923017308,0.726685610953242,-0.16352363730302244,0.06410256410256421,-0.4533712219064841,-0.28984758460346166,0.1025641025641025,0.1666666666666667
et_edt,0.3,3871,0.7148023766468613,0.6387238439679669,0.7148023766468613,-0.15215706535778867,0.07575757575757579,-0.42960475329372255,-0.2774476879359339,0.09090909090909084,0.16666666666666663
et_edt,0.4,3871,0.6994316714027383,0.6327822268147766,0.6994316714027383,-0.13329888917592353,0.06562500000000006,-0.39886334280547664,-0.2655644536295531,0.075,0.14062500000000006
et_edt,0.5,3871,0.6812193231723069,0.6291655902867476,0.6812193231723069,-0.10410746577111857,0.05749668288367968,-0.3624386463446138,-0.25833118057349524,0.060150375939849676,0.11764705882352935
et_edt,0.6,3871,0.6706277447687936,0.6210281580986825,0.6706277447687936,-0.09919917334022213,0.04425594689286386,-0.34125548953758716,-0.24205631619736503,0.046653144016227124,0.09090909090909098
et_edt,0.7,3871,0.6513820718160682,0.6108240764660294,0.6513820718160682,-0.0811159907000775,0.03296413502109701,-0.3027641436321364,-0.2216481529320589,0.029535864978902926,0.06249999999999994
et_edt,0.8,3871,0.6167656936192198,0.5877034358047016,0.6167656936192198,-0.05812451562903645,-0.009740259740259763,-0.2335313872384397,-0.17540687160940324,0.009740259740259763,0.0
et_edt,0.9,3871,0.5762076982691811,0.5674244381296822,0.5762076982691811,-0.01756652027899766,0.0,-0.15241539653836217,-0.1348488762593645,0.0,0.0
eu_bdt,0.0,3590,0.851949860724234,0.752924791086351,0.851949860724234,-0.1980501392757661,0.1515151515151515,-0.703899721448468,-0.5058495821727019,0.18181818181818182,0.3333333333333333
eu_bdt,0.1,3590,0.8367688022284122,0.7396935933147633,0.8367688022284122,-0.19415041782729808,0.14367816091954022,-0.6735376044568245,-0.47938718662952645,0.16666666666666663,0.31034482758620685
eu_bdt,0.2,3590,0.8264623955431755,0.7328690807799443,0.8264623955431755,-0.18718662952646237,0.13761786527149653,-0.6529247910863509,-0.46573816155988856,0.14809642044278912,0.28571428571428564
eu_bdt,0.3,3590,0.8128133704735376,0.7275766016713092,0.8128133704735376,-0.17047353760445677,0.13427109974424542,-0.6256267409470752,-0.4551532033426184,0.1304347826086957,0.2647058823529411
eu_bdt,0.4,3590,0.8012534818941505,0.7206128133704736,0.8012534818941505,-0.16128133704735376,0.12097694590276187,-0.6025069637883008,-0.44122562674094706,0.10979228486646891,0.23076923076923078
eu_bdt,0.5,3590,0.7779944289693593,0.702924791086351,0.7779944289693593,-0.1501392757660167,0.07575757575757579,-0.5559888579387187,-0.40584958217270195,0.09090909090909093,0.1666666666666667
eu_bdt,0.6,3590,0.7530640668523677,0.6845403899721448,0.7530640668523677,-0.13704735376044574,0.09531523192430319,-0.5061281337047354,-0.36908077994428967,0.07135143474236344,0.16666666666666663
eu_bdt,0.7,3590,0.7210306406685236,0.6637883008356545,0.7210306406685236,-0.11448467966573816,0.0523809523809524,-0.44206128133704736,-0.3275766016713092,0.0476190476190476,0.1
eu_bdt,0.8,3590,0.6675487465181058,0.6289693593314764,0.6675487465181058,-0.07715877437325908,0.014469162597214792,-0.3350974930362117,-0.25793871866295265,0.020618556701030855,0.03508771929824565
eu_bdt,0.9,3590,0.6066852367688023,0.5816155988857938,0.6066852367688023,-0.05013927576601673,0.0,-0.21337047353760447,-0.16323119777158773,0.0,0.0
fa_seraji,0.0,3695,0.7009472259810555,0.6193504736129906,0.7009472259810555,-0.16319350473612992,0.013316033870527197,-0.401894451962111,-0.23870094722598106,0.10714285714285708,0.12045889101338428
fa_seraji,0.1,3695,0.6989174560216509,0.620297699594046,0.6989174560216509,-0.1572395128552097,0.017289181935417078,-0.39783491204330174,-0.24059539918809203,0.09550045913682283,0.1127896410722399
fa_seraji,0.2,3695,0.686874154262517,0.6089309878213802,0.686874154262517,-0.15588633288227333,0.0055959574943684615,-0.3737483085250338,-0.2178619756427605,0.08740359897172233,0.09299955646609079
fa_seraji,0.3,3695,0.6725304465493911,0.6035182679296346,0.6725304465493911,-0.13802435723951284,0.009086091911074637,-0.34506089309878213,-0.2070365358592693,0.07301360057265562,0.08209969248373025
fa_seraji,0.4,3695,0.6633288227334235,0.5871447902571042,0.6633288227334235,-0.15236806495263872,0.0040584415584415945,-0.3266576454668471,-0.1742895805142084,0.05844155844155846,0.06250000000000006
fa_seraji,0.5,3695,0.6466847090663058,0.5771312584573748,0.6466847090663058,-0.13910690121786198,-0.0016767270288396835,-0.29336941813261164,-0.15426251691474965,0.04929577464788728,0.047619047619047596
fa_seraji,0.6,3695,0.6334235453315291,0.5767253044654939,0.6334235453315291,-0.11339648173207034,-0.0016095284081764014,-0.2668470906630582,-0.15345060893098783,0.03669724770642205,0.03508771929824565
fa_seraji,0.7,3695,0.6136671177266576,0.559404600811908,0.6136671177266576,-0.10852503382949932,-0.006830601092896269,-0.2273342354533153,-0.11880920162381597,0.02322404371584703,0.01639344262295076
fa_seraji,0.8,3695,0.596211096075778,0.5569688768606225,0.596211096075778,-0.07848443843031122,-0.011824324324324372,-0.19242219215155615,-0.11393775372124493,0.011824324324324372,0.0
fa_seraji,0.9,3695,0.5780784844384304,0.5516914749661705,0.5780784844384304,-0.05277401894451962,0.0,-0.15615696887686062,-0.103382949932341,0.0,0.0
fi_tdt,0.0,3749,0.7356628434249133,0.6597759402507335,0.7356628434249133,-0.15177380634835957,0.11003411265496302,-0.4713256868498266,-0.31955188050146704,0.13366336633663364,0.24369747899159666
fi_tdt,0.1,3749,0.728194185116031,0.6583088823686316,0.728194185116031,-0.13977060549479858,0.09787087912087922,-0.45638837023206186,-0.3166177647372633,0.12087912087912084,0.21875000000000006
fi_tdt,0.2,3749,0.7196585756201653,0.6580421445718858,0.7196585756201653,-0.12323286209655909,0.09630437213463054,-0.43931715124033077,-0.3160842891437717,0.10824108241082407,0.2045454545454546
fi_tdt,0.3,3749,0.7111229661242998,0.6583088823686316,0.7111229661242998,-0.10562816751133636,0.07575757575757573,-0.42224593224859963,-0.3166177647372633,0.09090909090909098,0.1666666666666667
fi_tdt,0.4,3749,0.7048546279007736,0.6529741264337157,0.7048546279007736,-0.10376100293411578,0.08503401360544208,-0.4097092558015471,-0.3059482528674313,0.08163265306122455,0.16666666666666663
fi_tdt,0.5,3749,0.6880501467057882,0.6461723126166978,0.6880501467057882,-0.08375566817818086,0.07013442431326701,-0.3761002934115764,-0.29234462523339555,0.06779661016949158,0.1379310344827586
fi_tdt,0.6,3749,0.6784475860229394,0.6399039743931715,0.6784475860229394,-0.07708722325953588,0.05135928328699403,-0.3568951720458789,-0.279807948786343,0.051204819277108515,0.10256410256410255
fi_tdt,0.7,3749,0.6527073886369699,0.62603360896239,0.6527073886369699,-0.0533475593491598,0.03249013692271989,-0.30541477727393973,-0.25206721792477993,0.03225806451612906,0.06474820143884895
fi_tdt,0.8,3749,0.62603360896239,0.6185649506535076,0.62603360896239,-0.014937316617764734,0.018173557473875588,-0.25206721792477993,-0.2371299013070152,0.014084507042253471,0.03225806451612906
fi_tdt,0.9,3749,0.5884235796212324,0.5898906375033343,0.5898906375033343,0.0029341157642037707,0.0,-0.17684715924246466,-0.17978127500666843,0.0,0.0
fr_gsd,0.0,3826,0.9340041819132253,0.9176685833768949,0.9340041819132253,-0.03267119707266075,0.20570255270754045,-0.8680083638264506,-0.8353371667537899,0.25263078062579286,0.4583333333333333
fr_gsd,0.1,3826,0.9268165185572399,0.9161003659174072,0.9268165185572399,-0.021432305279665442,0.20740934058372745,-0.8536330371144799,-0.8322007318348145,0.23703510386071697,0.4444444444444444
fr_gsd,0.2,3826,0.9238107684265552,0.9138787245164662,0.9238107684265552,-0.01986408782017768,0.20094863566957205,-0.8476215368531103,-0.8277574490329326,0.2163781854633126,0.41732682113288466
fr_gsd,0.3,3826,0.9142707788813382,0.908128593831678,0.9142707788813382,-0.012284370099320485,0.1913609662497194,-0.8285415577626765,-0.816257187663356,0.19325441836566523,0.38461538461538464
fr_gsd,0.4,3826,0.9046001045478307,0.9034239414532148,0.9046001045478307,-0.002352326189231535,0.18236420749189242,-0.8092002090956613,-0.8068478829064297,0.17247450218552696,0.3548387096774194
fr_gsd,0.5,3826,0.8887872451646628,0.8895713538944067,0.8895713538944067,0.001568217459487653,0.16400336417157277,-0.7775744903293257,-0.7791427077888133,0.14634146341463408,0.31034482758620685
fr_gsd,0.6,3826,0.8653946680606377,0.8715368531102979,0.8715368531102979,0.012284370099320374,0.14934813240624636,-0.7307893361212755,-0.7430737062205959,0.11894455052058286,0.26829268292682923
fr_gsd,0.7,3826,0.8353371667537899,0.8498431782540512,0.8498431782540512,0.029012023000522635,0.11649514008004577,-0.6706743335075798,-0.6996863565081024,0.08805031446540884,0.2045454545454546
fr_gsd,0.8,3826,0.7971772085729221,0.8197856769472034,0.8197856769472034,0.04521693674856242,0.08387698042870458,-0.5943544171458442,-0.6395713538944067,0.054054054054054015,0.1379310344827586
fr_gsd,0.9,3826,0.7090956612650288,0.7454260324098275,0.7454260324098275,0.07266074228959751,0.030005272753302316,-0.4181913225300575,-0.490852064819655,0.017613774865745342,0.04761904761904766
ga_idt,0.0,3368,0.7351543942992874,0.7019002375296912,0.7351543942992874,-0.0665083135391924,0.09176547721300887,-0.47030878859857483,-0.40380047505938244,0.1506587652112335,0.24242424242424238
ga_idt,0.1,3368,0.7320368171021377,0.7030878859857482,0.7320368171021377,-0.057897862232779096,0.09412019662625312,-0.46407363420427555,-0.40617577197149646,0.13664903414297766,0.23076923076923078
ga_idt,0.2,3368,0.7354513064133017,0.7160035629453682,0.7354513064133017,-0.038895486935866974,0.09874293624430183,-0.47090261282660334,-0.43200712589073637,0.12660917643175446,0.2253521126760563
ga_idt,0.3,3368,0.7317399049881235,0.7130344418052257,0.7317399049881235,-0.03741092636579574,0.09287925696594426,-0.46347980997624705,-0.4260688836104513,0.11764705882352935,0.21052631578947362
ga_idt,0.4,3368,0.7382719714964371,0.7201603325415677,0.7382719714964371,-0.03622327790973873,0.08791560102301782,-0.4765439429928741,-0.4403206650831354,0.10326086956521743,0.19117647058823525
ga_idt,0.5,3368,0.7348574821852731,0.725356294536817,0.7348574821852731,-0.019002375296912122,0.07790963490889533,-0.46971496437054633,-0.4507125890736342,0.08875703175777136,0.16666666666666669
ga_idt,0.6,3368,0.7329275534441805,0.7308491686460807,0.7329275534441805,-0.004156769596199539,0.06919642857142863,-0.46585510688836107,-0.46169833729216153,0.07142857142857142,0.14062500000000006
ga_idt,0.7,3368,0.7247624703087886,0.7238717339667459,0.7247624703087886,-0.0017814726840855166,0.056274826446894646,-0.4495249406175772,-0.4477434679334917,0.05483628466421646,0.1111111111111111
ga_idt,0.8,3368,0.7021971496437055,0.7088776722090261,0.7088776722090261,0.013361045130641291,0.033475766831911724,-0.40439429928741094,-0.41775534441805223,0.03319089983475494,0.06666666666666667
ga_idt,0.9,3368,0.6733966745843231,0.6880938242280285,0.6880938242280285,0.02939429928741094,0.00982718979455601,-0.34679334916864607,-0.376187648456057,0.010791366906474845,0.020618556701030855
he_htb,0.0,3938,0.867064499746064,0.8515744032503809,0.867064499746064,-0.030980192991366118,0.1513453445213329,-0.734128999492128,-0.7031488065007618,0.22735288033073806,0.37869822485207094
he_htb,0.1,3938,0.8699847638395124,0.8556373793803962,0.8699847638395124,-0.028694768918232638,0.14803905739851744,-0.7399695276790249,-0.7112747587607923,0.2047117516629712,0.35275080906148865
he_htb,0.2,3938,0.8651599796851194,0.8523362112747588,0.8651599796851194,-0.025647536820721184,0.14669540753542246,-0.7303199593702387,-0.7046724225495176,0.18806854096243167,0.3347639484978541
he_htb,0.3,3938,0.8561452513966481,0.8500507872016252,0.8561452513966481,-0.012188928390045706,0.13768016312887466,-0.7122905027932961,-0.7001015744032504,0.1726646644573322,0.31034482758620685
he_htb,0.4,3938,0.8486541391569324,0.8518283392585069,0.8518283392585069,0.006348400203148863,0.13322358707848575,-0.6973082783138649,-0.7036566785170137,0.1524906986357999,0.28571428571428564
he_htb,0.5,3938,0.8443372270187912,0.8462417470797359,0.8462417470797359,0.0038090401218893177,0.11666666666666667,-0.6886744540375825,-0.6924834941594719,0.13333333333333333,0.25
he_htb,0.6,3938,0.8283392585068563,0.8345606907059421,0.8345606907059421,0.01244286439817166,0.10237869448395762,-0.6566785170137125,-0.6691213814118842,0.10814762130551608,0.2105263157894737
he_htb,0.7,3938,0.797739969527679,0.8092940578974098,0.8092940578974098,0.02310817673946175,0.08526455499880689,-0.595479939055358,-0.6185881157948198,0.08140211166785974,0.16666666666666663
he_htb,0.8,3938,0.7685373285931946,0.7828847130523108,0.7828847130523108,0.028694768918232638,0.053213275903073176,-0.537074657186389,-0.5657694261046217,0.04935082666102937,0.10256410256410255
he_htb,0.9,3938,0.7121635347892331,0.7403504316912138,0.7403504316912138,0.0563737938039614,0.02136752136752141,-0.4243270695784662,-0.4807008633824276,0.017094017094017033,0.03846153846153844
hi_hdtb,0.0,3486,0.8235800344234079,0.7531554790590935,0.8235800344234079,-0.14084911072862882,0.09761683064986815,-0.6471600688468159,-0.506310958118187,0.1880974550644175,0.28571428571428564
hi_hdtb,0.1,3486,0.8359150889271372,0.7617613310384395,0.8359150889271372,-0.14830751577739532,0.08698620869673501,-0.6718301778542742,-0.5235226620768789,0.1722730505625243,0.2592592592592593
hi_hdtb,0.2,3486,0.8261617900172117,0.7571715433161216,0.8261617900172117,-0.1379804934021801,0.07671758351013316,-0.6523235800344234,-0.5143430866322433,0.1579762940408873,0.23469387755102047
hi_hdtb,0.3,3486,0.8168387837062536,0.75530694205393,0.8168387837062536,-0.12306368330464712,0.07722747864915247,-0.6336775674125071,-0.51061388410786,0.14152252135084759,0.21875000000000006
hi_hdtb,0.4,3486,0.8090935169248422,0.7478485370051635,0.8090935169248422,-0.1224899598393574,0.0701717637201508,-0.6181870338496844,-0.49569707401032703,0.12337662337662342,0.19354838709677422
hi_hdtb,0.5,3486,0.7994836488812392,0.7366609294320138,0.7994836488812392,-0.12564543889845092,0.06541362467422629,-0.5989672977624785,-0.47332185886402756,0.10125304199244034,0.16666666666666663
hi_hdtb,0.6,3486,0.7819850831899025,0.7259036144578314,0.7819850831899025,-0.11216293746414224,0.053832217671530125,-0.5639701663798049,-0.45180722891566266,0.08127208480565373,0.13510430247718386
hi_hdtb,0.7,3486,0.7607573149741824,0.7145725760183591,0.7607573149741824,-0.09236947791164651,0.03326712554461249,-0.5215146299483648,-0.4291451520367183,0.05764196536447849,0.09090909090909098
hi_hdtb,0.8,3486,0.7257601835915088,0.6913367756741251,0.7257601835915088,-0.06884681583476765,0.02241509953436114,-0.4515203671830178,-0.38267355134825015,0.03163895451969296,0.0540540540540541
hi_hdtb,0.9,3486,0.6607860011474469,0.6438611589213998,0.6607860011474469,-0.033849684452094075,-0.007741948373691325,-0.32157200229489386,-0.2877223178427998,0.007741948373691325,0.0
id_gsd,0.0,3915,0.9177522349936144,0.8810983397190294,0.9177522349936144,-0.0733077905491698,0.1595334490071332,-0.8355044699872286,-0.7621966794380588,0.24522845575477156,0.40476190476190477
id_gsd,0.1,3915,0.9226053639846743,0.8832694763729246,0.9226053639846743,-0.07867177522349944,0.15335474107973282,-0.8452107279693487,-0.7665389527458493,0.2323651452282158,0.3857198863079486
id_gsd,0.2,3915,0.9146871008939974,0.8818646232439336,0.9146871008939974,-0.0656449553001277,0.1604406130268199,-0.8293742017879949,-0.7637292464878672,0.2145593869731801,0.375
id_gsd,0.3,3915,0.9049808429118774,0.8738186462324393,0.9049808429118774,-0.062324393358876184,0.14567669172932327,-0.8099616858237548,-0.7476372924648786,0.19642857142857142,0.3421052631578947
id_gsd,0.4,3915,0.9022988505747126,0.8694763729246487,0.9022988505747126,-0.0656449553001277,0.13774271844660188,-0.8045977011494253,-0.7389527458492976,0.17475728155339812,0.3125
id_gsd,0.5,3915,0.8883780332056194,0.8587484035759898,0.8883780332056194,-0.059259259259259234,0.1317136620354443,-0.7767560664112388,-0.7174968071519796,0.15057915057915053,0.2822928126145948
id_gsd,0.6,3915,0.8698595146871009,0.8517241379310345,0.8698595146871009,-0.036270753512132825,0.10897435897435899,-0.7397190293742018,-0.7034482758620689,0.12179487179487179,0.23076923076923078
id_gsd,0.7,3915,0.851213282247765,0.8282247765006385,0.851213282247765,-0.04597701149425282,0.08471799424995775,-0.70242656449553,-0.6564495530012772,0.09336419753086415,0.1780821917808219
id_gsd,0.8,3915,0.8123882503192849,0.7947637292464879,0.8123882503192849,-0.03524904214559388,0.06030701754385967,-0.6247765006385696,-0.5895274584929757,0.0625,0.12280701754385967
id_gsd,0.9,3915,0.7450830140485313,0.7286079182630907,0.7450830140485313,-0.03295019157088119,0.018361035948975746,-0.49016602809706256,-0.45721583652618136,0.020100502512562745,0.03846153846153849
it_isdt,0.0,3914,0.8349514563106796,0.8108073582013285,0.8349514563106796,-0.04828819621870217,0.1883688439041202,-0.6699029126213593,-0.6216147164026571,0.21334055780528147,0.40170940170940167
it_isdt,0.1,3914,0.8354624425140521,0.812212570260603,0.8354624425140521,-0.04649974450689831,0.18108517462580187,-0.6709248850281042,-0.6244251405212059,0.19391482537419819,0.37500000000000006
it_isdt,0.2,3914,0.8299693408277976,0.8090189064895248,0.8299693408277976,-0.041900868676545744,0.1811098961180973,-0.6599386816555953,-0.6180378129790496,0.17372881355932207,0.3548387096774194
it_isdt,0.3,3914,0.8202606029637199,0.8026315789473685,0.8202606029637199,-0.03525804803270316,0.16824233507701253,-0.64052120592744,-0.6052631578947368,0.15608198924731181,0.32432432432432434
it_isdt,0.4,3914,0.812212570260603,0.7984159427695452,0.812212570260603,-0.02759325498211551,0.14970673885402572,-0.6244251405212059,-0.5968318855390904,0.13600754686026004,0.28571428571428575
it_isdt,0.5,3914,0.8078691875319366,0.7989269289729177,0.8078691875319366,-0.017884517118037846,0.14395378284267174,-0.6157383750638733,-0.5978538579458355,0.11530547641658755,0.2592592592592593
it_isdt,0.6,3914,0.78717424629535,0.7847470618293306,0.78717424629535,-0.004854368932038833,0.12749305283642975,-0.5743484925907001,-0.5694941236586613,0.0912569471635703,0.21875000000000006
it_isdt,0.7,3914,0.765074092999489,0.7732498722534492,0.7732498722534492,0.01635155850792025,0.09700033704078193,-0.5301481859989781,-0.5464997445068983,0.0696663296258847,0.16666666666666663
it_isdt,0.8,3914,0.7284108329075115,0.7418242207460398,0.7418242207460398,0.026826775677056713,0.06759483454398707,-0.456821665815023,-0.4836484414920797,0.03954802259887002,0.10714285714285708
it_isdt,0.9,3914,0.6637710781808891,0.6959632089933572,0.6959632089933572,0.0643842616249361,0.019157088122605442,-0.32754215636177825,-0.39192641798671435,0.008620689655172358,0.0277777777777778
ja_gsd,0.0,3977,0.9773698767915514,0.9650490319336184,0.9773698767915514,-0.024641689715866222,0.2867965367965368,-0.9547397535831028,-0.9300980638672366,0.3560606060606061,0.6428571428571429
ja_gsd,0.1,3977,0.9751068644707066,0.9602715614785013,0.9751068644707066,-0.029670605984410292,0.2907251863243818,-0.9502137289414131,-0.9205431229570028,0.33544303797468356,0.6261682242990654
ja_gsd,0.2,3977,0.9727181292431482,0.9575056575308021,0.9727181292431482,-0.03042494342469193,0.2924669493639311,-0.9454362584862962,-0.9150113150616043,0.31279620853080575,0.6052631578947368
ja_gsd,0.3,3977,0.968317827508172,0.953105355795826,0.968317827508172,-0.03042494342469193,0.2900584795321638,-0.9366356550163439,-0.906210711591652,0.28888888888888886,0.5789473684210527
ja_gsd,0.4,3977,0.966431983907468,0.9510937892884084,0.966431983907468,-0.030676389238119106,0.281605294417105,-0.9328639678149359,-0.9021875785768168,0.2605633802816901,0.5421686746987951
ja_gsd,0.5,3977,0.959140055318079,0.9438018606990194,0.959140055318079,-0.030676389238119217,0.27526132404181186,-0.9182801106361579,-0.8876037213980387,0.22473867595818814,0.5
ja_gsd,0.6,3977,0.9489564998742771,0.9342469197887855,0.9489564998742771,-0.029419160170983227,0.2552552552552553,-0.8979129997485542,-0.868493839577571,0.1891891891891892,0.4444444444444445
ja_gsd,0.7,3977,0.9289665577068141,0.9157656525018858,0.9289665577068141,-0.026401810409856674,0.22203260197985306,-0.8579331154136284,-0.8315313050037717,0.14634146341463408,0.36837406539448714
ja_gsd,0.8,3977,0.8879808901181795,0.8769172743273824,0.8879808901181795,-0.022127231581594242,0.16892230576441097,-0.7759617802363591,-0.7538345486547648,0.09774436090225569,0.26666666666666666
ja_gsd,0.9,3977,0.8163188332914257,0.8096555192356047,0.8163188332914257,-0.01332662811164187,0.08443093549476521,-0.6326376665828514,-0.6193110384712095,0.042553191489361736,0.12698412698412695
ko_kaist,0.0,3214,0.9355942750466708,0.8175171126322339,0.9355942750466708,-0.23615432482887366,0.23152530032763013,-0.8711885500933416,-0.635034225264468,0.26847469967236987,0.5
ko_kaist,0.1,3214,0.9394835096453018,0.823428749222153,0.9394835096453018,-0.23210952084629743,0.22249784853700516,-0.8789670192906036,-0.6468574984443062,0.25708548479632815,0.4795833333333333
ko_kaist,0.2,3214,0.9371499688861232,0.8232731798382078,0.9371499688861232,-0.22775357809583074,0.20337301587301596,-0.8742999377722465,-0.6465463596764157,0.24107142857142852,0.4444444444444445
ko_kaist,0.3,3214,0.9373055382700685,0.8224953329184816,0.9373055382700685,-0.22962041070317363,0.20591947026160284,-0.8746110765401369,-0.6449906658369633,0.2226519583098257,0.42857142857142855
ko_kaist,0.4,3214,0.936994399502178,0.8167392657125078,0.936994399502178,-0.24051026757934035,0.18546427838855162,-0.8739887990043559,-0.6334785314250155,0.20229082365226475,0.38775510204081637
ko_kaist,0.5,3214,0.9271935283136279,0.8134723086496577,0.9271935283136279,-0.22744243932794028,0.18371662701559616,-0.8543870566272558,-0.6269446172993155,0.17525773195876282,0.358974358974359
ko_kaist,0.6,3214,0.9169259489732421,0.7969819539514623,0.9169259489732421,-0.23988799004355943,0.13842746400885933,-0.8338518979464842,-0.5939639079029247,0.14728682170542637,0.2857142857142857
ko_kaist,0.7,3214,0.8985687616677038,0.7822028624766646,0.8985687616677038,-0.23273179838207836,0.11618589743589748,-0.7971375233354075,-0.5644057249533292,0.1145833333333333,0.23076923076923078
ko_kaist,0.8,3214,0.865588052271313,0.752644679527069,0.865588052271313,-0.22588674548848786,0.08899676375404521,-0.731176104542626,-0.5052893590541382,0.07766990291262142,0.16666666666666663
ko_kaist,0.9,3214,0.7882700684505289,0.6829495955196018,0.7882700684505289,-0.2106409458618544,0.012487512487512495,-0.5765401369010579,-0.3658991910392035,0.025974025974025997,0.03846153846153849
la_ittb,0.0,2434,0.7426047658175843,0.6516023007395234,0.7426047658175843,-0.18200493015612162,0.061172266155069904,-0.48520953163516845,-0.3032046014790468,0.12487424547283704,0.18604651162790695
la_ittb,0.1,2434,0.7350041084634347,0.6444124897288415,0.7350041084634347,-0.18118323746918652,0.0618326659993326,-0.47000821692686934,-0.2888249794576828,0.10483400066733403,0.16666666666666663
la_ittb,0.2,2434,0.725760065735415,0.6409202958093673,0.725760065735415,-0.16967953985209533,0.058027079303675,-0.4515201314708299,-0.2818405916187346,0.09090909090909098,0.14893617021276598
la_ittb,0.3,2434,0.7163105998356615,0.6407148726376335,0.7163105998356615,-0.15119145439605586,0.05382175953378898,-0.4326211996713229,-0.28142974527526704,0.08410927494896961,0.1379310344827586
la_ittb,0.4,2434,0.7048069022185702,0.6359901396877568,0.7048069022185702,-0.13763352506162696,0.046102039180051804,-0.4096138044371405,-0.27198027937551356,0.07258064516129036,0.11868268434134216
la_ittb,0.5,2434,0.6957682826622843,0.6279786359901397,0.6957682826622843,-0.1355792933442892,0.04202898550724636,-0.3915365653245686,-0.2559572719802794,0.057971014492753645,0.1
la_ittb,0.6,2434,0.668241577649959,0.6181183237469187,0.668241577649959,-0.10024650780608055,0.033431065177118954,-0.33648315529991785,-0.2362366474938373,0.04487757048971805,0.078308635666837
la_ittb,0.7,2434,0.6396877567789647,0.6072308956450287,0.6396877567789647,-0.06491372226787182,0.01594552187284253,-0.27937551355792933,-0.21446179129005752,0.026607669616519204,0.042553191489361736
la_ittb,0.8,2434,0.604354971240756,0.6010682004930156,0.604354971240756,-0.0065735414954807,0.0002643824027072743,-0.20870994248151192,-0.20213640098603122,0.010152284263959355,0.01041666666666663
la_ittb,0.9,2434,0.5663516844700082,0.5731306491372227,0.5731306491372227,0.013557929334428925,0.0,-0.13270336894001644,-0.14626129827444537,0.0,0.0
lv_lvtb,0.0,3787,0.7524425666754687,0.6548719302878268,0.7524425666754687,-0.19514127277528387,0.0852359208523592,-0.5048851333509374,-0.30974386057565356,0.136986301369863,0.2222222222222222
lv_lvtb,0.1,3787,0.7396355954581463,0.6556641140744652,0.7396355954581463,-0.16794296276736198,0.07120796156485928,-0.47927119091629256,-0.3113282281489306,0.12234042553191493,0.19354838709677422
lv_lvtb,0.2,3787,0.7293372062318458,0.6497227356746765,0.7293372062318458,-0.1592289411143385,0.0588599752168526,-0.45867441246369156,-0.29944547134935307,0.10780669144981408,0.16666666666666669
lv_lvtb,0.3,3787,0.7179825719566939,0.6421969897016108,0.7179825719566939,-0.1515711645101664,0.07575757575757565,-0.4359651439133879,-0.28439397940322153,0.09090909090909098,0.16666666666666663
lv_lvtb,0.4,3787,0.7084763665170319,0.6366517031951413,0.7084763665170319,-0.14364932664378133,0.06930057791698768,-0.4169527330340639,-0.27330340639028256,0.08033826638477795,0.14963884430176563
lv_lvtb,0.5,3787,0.6954053340374967,0.6367837338262476,0.6954053340374967,-0.11724320042249797,0.05289885738468046,-0.3908106680749934,-0.2735674676524954,0.06474820143884895,0.11764705882352941
lv_lvtb,0.6,3787,0.6800897808291524,0.629257987853182,0.6800897808291524,-0.10166358595194086,0.04329004329004332,-0.3601795616583047,-0.25851597570636387,0.04761904761904766,0.09090909090909098
lv_lvtb,0.7,3787,0.6556641140744652,0.6159228941114339,0.6556641140744652,-0.07948243992606288,0.026667899864348234,-0.3113282281489306,-0.2318457882228677,0.029411764705882353,0.056079664570230586
lv_lvtb,0.8,3787,0.6152627409559017,0.596646421969897,0.6152627409559017,-0.037232637972009486,-0.01041666666666663,-0.23052548191180353,-0.19329284393979404,0.01041666666666663,0.0
lv_lvtb,0.9,3787,0.5701082651175072,0.5635067335621864,0.5701082651175072,-0.01320306311064165,0.0,-0.1402165302350145,-0.12701346712437286,0.0,0.0
pl_pdb,0.0,3928,0.6881364562118126,0.6356924643584522,0.6881364562118126,-0.10488798370672098,0.07575757575757577,-0.37627291242362526,-0.2713849287169043,0.09090909090909086,0.16666666666666663
pl_pdb,0.1,3928,0.6710794297352343,0.6323828920570265,0.6710794297352343,-0.07739307535641549,0.08723517300923159,-0.3421588594704684,-0.26476578411405294,0.07943149365743504,0.16666666666666663
pl_pdb,0.2,3928,0.6541496945010183,0.6247454175152749,0.6541496945010183,-0.05880855397148679,0.10020080321285132,-0.3082993890020367,-0.2494908350305499,0.0664658634538153,0.16666666666666663
pl_pdb,0.3,3928,0.6383655804480651,0.6188900203665988,0.6383655804480651,-0.03895112016293281,0.0763807285546415,-0.27673116089613037,-0.23778004073319756,0.0540540540540541,0.1304347826086956
pl_pdb,0.4,3928,0.6183808553971487,0.6090885947046843,0.6183808553971487,-0.01858452138492872,0.060000000000000005,-0.23676171079429736,-0.21817718940936864,0.04,0.1
pl_pdb,0.5,3928,0.6036150712830958,0.6025967413441955,0.6036150712830958,-0.002036659877800384,0.062473071951744945,-0.20723014256619143,-0.20519348268839105,0.028436018957346036,0.09090909090909098
pl_pdb,0.6,3928,0.5829938900203666,0.5967413441955194,0.5967413441955194,0.02749490835030549,0.039509756490888594,-0.1659877800407332,-0.1934826883910387,0.017094017094017033,0.05660377358490563
pl_pdb,0.7,3928,0.5617362525458248,0.5768839103869654,0.5768839103869654,0.030295315682281054,-0.005847953216374352,-0.1234725050916497,-0.15376782077393075,0.005847953216374352,0.0
pl_pdb,0.8,3928,0.5364052953156823,0.5639002036659878,0.5639002036659878,0.054989816700611,0.0,-0.07281059063136457,-0.12780040733197556,0.0,0.0
pl_pdb,0.9,3928,0.507510183299389,0.5420061099796334,0.5420061099796334,0.0689918533604888,0.0,-0.015020366598778005,-0.0840122199592668,0.0,0.0
pt_bosque,0.0,3698,0.8754732287723094,0.8695240670632775,0.8754732287723094,-0.01189832341806385,0.21003061755655497,-0.7509464575446188,-0.7390481341265549,0.22817162963445628,0.43820224719101125
pt_bosque,0.1,3698,0.8723634396971336,0.8674959437533802,0.8723634396971336,-0.009734991887506816,0.20924044508950163,-0.7447268793942672,-0.7349918875067604,0.2138364779874214,0.423076923076923
pt_bosque,0.2,3698,0.8650621957815036,0.8604651162790697,0.8650621957815036,-0.00919415900486753,0.20223291973027716,-0.730124391563007,-0.7209302325581395,0.19558359621451102,0.3978165159447882
pt_bosque,0.3,3698,0.8496484586262845,0.8550567874526771,0.8550567874526771,0.010816657652785278,0.1956106870229008,-0.6992969172525689,-0.7101135749053542,0.1793893129770992,0.375
pt_bosque,0.4,3698,0.8423472147106544,0.8504597079502434,0.8504597079502434,0.016224986479177916,0.1858083224361305,-0.6846944294213089,-0.7009194159004868,0.15550904283333056,0.34131736526946105
pt_bosque,0.5,3698,0.8322065981611682,0.8432936722552731,0.8432936722552731,0.02217414818820984,0.16906272022551094,-0.6644131963223364,-0.6865873445105463,0.13326286116983788,0.3023255813953488
pt_bosque,0.6,3698,0.819902650081125,0.8403190914007571,0.8403190914007571,0.040832882639264434,0.15409849743251341,-0.6398053001622499,-0.6806381828015143,0.10516076182674583,0.25925925925925924
pt_bosque,0.7,3698,0.8005678745267713,0.8166576527852893,0.8166576527852893,0.03217955651703619,0.11800076844262297,-0.6011357490535425,-0.6333153055705787,0.08199923155737704,0.2
pt_bosque,0.8,3698,0.7623039480800433,0.7809626825310979,0.7809626825310979,0.037317468902109296,0.08461538461538463,-0.5246078961600865,-0.5619253650621958,0.05,0.13461538461538464
pt_bosque,0.9,3698,0.696322336398053,0.7222823147647377,0.7222823147647377,0.05191995673336941,0.031036739488039013,-0.392644672796106,-0.4445646295294754,0.016582308131008645,0.04761904761904766
ru_syntagrus,0.0,3724,0.8015574650912997,0.7399301825993555,0.8015574650912997,-0.12325456498388826,0.12389274406311213,-0.6031149301825993,-0.47986036519871106,0.16182154165117352,0.28571428571428564
ru_syntagrus,0.1,3724,0.8030343716433942,0.7458378088077336,0.8030343716433942,-0.11439312567132115,0.12377341659232821,-0.6060687432867884,-0.49167561761546724,0.15254237288135597,0.2763157894736842
ru_syntagrus,0.2,3724,0.7916219119226638,0.7406015037593985,0.7916219119226638,-0.10204081632653061,0.1168010752688172,-0.5832438238453276,-0.48120300751879697,0.1331989247311828,0.25
ru_syntagrus,0.3,3724,0.7744360902255639,0.7298603651987111,0.7744360902255639,-0.08915145005370573,0.11312217194570143,-0.5488721804511278,-0.4597207303974221,0.11764705882352935,0.23076923076923078
ru_syntagrus,0.4,3724,0.7628893662728249,0.7289205155746509,0.7628893662728249,-0.06793770139634808,0.09577368168093262,-0.5257787325456499,-0.4578410311493018,0.10235072477680715,0.19812440645773977
ru_syntagrus,0.5,3724,0.7542964554242749,0.7234156820622986,0.7542964554242749,-0.06176154672395273,0.07991917502787066,-0.50859291084855,-0.44683136412459723,0.086747491638796,0.16666666666666666
ru_syntagrus,0.6,3724,0.7285177228786252,0.7093179377013964,0.7285177228786252,-0.03839957035445757,0.07559629682822008,-0.45703544575725025,-0.4186358754027927,0.06726084602892277,0.14285714285714285
ru_syntagrus,0.7,3724,0.7036788399570354,0.6988453276047261,0.7036788399570354,-0.00966702470461872,0.055056179775280864,-0.4073576799140709,-0.3976906552094522,0.04494382022471914,0.1
ru_syntagrus,0.8,3724,0.6726638023630505,0.6750805585392051,0.6750805585392051,0.004833512352309333,0.029581529581529556,-0.34532760472610097,-0.3501611170784103,0.025974025974025997,0.05555555555555555
ru_syntagrus,0.9,3724,0.6119763694951665,0.6255370569280344,0.6255370569280344,0.027121374865735792,-0.0012915674004073884,-0.22395273899033297,-0.25107411385606876,0.0012915674004073884,0.0
tr_imst,0.0,3212,0.8446450809464509,0.7017434620174346,0.8446450809464509,-0.28580323785803236,0.17688679245283026,-0.6892901618929016,-0.40348692403486924,0.1981132075471698,0.37500000000000006
tr_imst,0.1,3212,0.8485367372353674,0.7103051058530511,0.8485367372353674,-0.2764632627646326,0.16600790513833985,-0.6970734744707348,-0.42061021170610213,0.18181818181818182,0.3478260869565217
tr_imst,0.2,3212,0.8391967621419676,0.7109277708592777,0.8391967621419676,-0.25653798256537985,0.14367816091954022,-0.6783935242839353,-0.42185554171855544,0.16666666666666663,0.31034482758620685
tr_imst,0.3,3212,0.8340597758405978,0.7031444582814446,0.8340597758405978,-0.26183063511830634,0.13677811550151966,-0.6681195516811955,-0.4062889165628892,0.14893617021276598,0.28571428571428564
tr_imst,0.4,3212,0.8236301369863014,0.6941158156911582,0.8236301369863014,-0.25902864259028646,0.1333851333851334,-0.6472602739726028,-0.3882316313823163,0.12587412587412591,0.2592592592592593
tr_imst,0.5,3212,0.810865504358655,0.6824408468244084,0.810865504358655,-0.2568493150684932,0.11407858759953714,-0.6217310087173101,-0.36488169364881695,0.10256410256410255,0.21664269016363968
tr_imst,0.6,3212,0.7842465753424658,0.6679638854296388,0.7842465753424658,-0.23256537982565384,0.07575757575757577,-0.5684931506849316,-0.3359277708592777,0.09090909090909086,0.16666666666666663
tr_imst,0.7,3212,0.7554483188044832,0.6555105853051059,0.7554483188044832,-0.1998754669987547,0.062499999999999944,-0.5108966376089664,-0.31102117061021173,0.06250000000000006,0.125
tr_imst,0.8,3212,0.7104607721046077,0.6276463262764632,0.7104607721046077,-0.1656288916562889,0.030241935483870996,-0.42092154420921546,-0.25529265255292655,0.03225806451612906,0.06250000000000006
tr_imst,0.9,3212,0.6407222914072229,0.5851494396014943,0.6407222914072229,-0.11114570361145706,0.0,-0.28144458281444584,-0.17029887920298878,0.0,0.0
ug_udt,0.0,1541,0.8744321868916288,0.7167423750811162,0.8744321868916288,-0.31537962362102534,0.09453781512605036,-0.7488643737832577,-0.4334847501622323,0.19117647058823528,0.28571428571428564
ug_udt,0.1,1541,0.8734587929915639,0.7196625567813109,0.8734587929915639,-0.3075924724205062,0.10389610389610382,-0.7469175859831279,-0.43932511356262166,0.18181818181818182,0.28571428571428564
ug_udt,0.2,1541,0.8669695003244646,0.7167423750811162,0.8669695003244646,-0.30045425048669694,0.09259259259259267,-0.7339390006489293,-0.4334847501622323,0.16666666666666663,0.2592592592592593
ug_udt,0.3,1541,0.8692407527579494,0.7219338092147956,0.8692407527579494,-0.2946138870863076,0.08812765751669199,-0.7384815055158988,-0.44386761842959116,0.15322580645161293,0.24135346396830493
ug_udt,0.4,1541,0.8575600259571706,0.7209604153147307,0.8575600259571706,-0.27319922128487995,0.08294753086419762,-0.7151200519143414,-0.4419208306294614,0.13580246913580243,0.21875000000000006
ug_udt,0.5,1541,0.8559377027903958,0.7105775470473719,0.8559377027903958,-0.290720311486048,0.05987311657414743,-0.7118754055807917,-0.42115509409474366,0.11538461538461539,0.17525773195876282
ug_udt,0.6,1541,0.8283582089552238,0.6933809214795588,0.8283582089552238,-0.2699545749513303,0.07575757575757565,-0.6567164179104478,-0.3867618429591175,0.09090909090909098,0.16666666666666663
ug_udt,0.7,1541,0.8033744321868916,0.6813757300454251,0.8033744321868916,-0.2439974042829332,0.03525706157285098,-0.6067488643737833,-0.3627514600908501,0.07094594594594598,0.10620300751879697
ug_udt,0.8,1541,0.7657365347177157,0.6524983776768333,0.7657365347177157,-0.22647631408176505,0.005952380952380994,-0.5314730694354315,-0.30499675535366644,0.041666666666666664,0.04761904761904766
ug_udt,0.9,1541,0.6992212848799481,0.6012329656067489,0.6992212848799481,-0.19597663854639844,-0.009009009009008978,-0.39844256975989617,-0.20246593121349774,0.009009009009008978,0.0
zh_gsd,0.0,3867,0.7213602275665891,0.6900698215671063,0.7213602275665891,-0.06258081199896559,0.06410256410256407,-0.44272045513317815,-0.38013964313421256,0.10256410256410256,0.16666666666666663
zh_gsd,0.1,3867,0.7204551331781743,0.700025859839669,0.7204551331781743,-0.04085854667701061,0.05319148936170211,-0.4409102663563486,-0.400051719679338,0.09574468085106387,0.14893617021276598
zh_gsd,0.2,3867,0.7005430566330488,0.6828290664597879,0.7005430566330488,-0.03542798034652189,0.047101449275362264,-0.4010861132660978,-0.3656581329195759,0.08333333333333333,0.1304347826086956
zh_gsd,0.3,3867,0.6935608999224204,0.6759762089475045,0.6935608999224204,-0.035169381949831935,0.04722452361226177,-0.38712179984484096,-0.35195241789500903,0.07042253521126761,0.11764705882352938
zh_gsd,0.4,3867,0.6802430824928886,0.6678303594517714,0.6802430824928886,-0.024825446082234248,0.03775633844676622,-0.36048616498577707,-0.3356607189035428,0.058823529411764705,0.09657986785853093
zh_gsd,0.5,3867,0.6640806826997673,0.6583915179725885,0.6640806826997673,-0.01137832945435735,0.03357874838324543,-0.3281613653995345,-0.31678303594517715,0.04536862003780716,0.07894736842105259
zh_gsd,0.6,3867,0.6470131885182312,0.6384794414274632,0.6470131885182312,-0.01706749418153608,0.02554066717247567,-0.2940263770364624,-0.2769588828549263,0.03337667967056779,0.05891734684304346
zh_gsd,0.7,3867,0.6192138608740626,0.6185673648823378,0.6192138608740626,-0.001292991983449704,0.01705481063279223,-0.23842772174812515,-0.23713472976467545,0.021406727828746263,0.03846153846153849
zh_gsd,0.8,3867,0.5831393845358159,0.5942591155934833,0.5942591155934833,0.022239462115334896,0.007704858593183438,-0.16627876907163175,-0.18851823118696664,0.010152284263959355,0.017857142857142794
zh_gsd,0.9,3867,0.5384018619084562,0.54344453064391,0.54344453064391,0.010085337470907688,0.0,-0.07680372381691233,-0.08688906128782002,0.0,0.0
